{
  "v": "5.6.6",
  "fr": 30,
  "ip": 0,
  "op": 90,
  "w": 600,
  "h": 600,
  "nm": "Seedling",
  "ddd": 0,
  "assets": [],
  "layers": [
    {
      "ddd": 0,
      "ind": 1,
      "ty": 4,
      "nm": "ÃÂÃÂÃÂ¸ÃÂ²ÃÂÃÂµ ÃÂ¡ÃÂ»ÃÂ¾ÃÂ¹ 2",
      "sr": 1,
      "ks": {
        "o": {
          "a": 0,
          "k": 100,
          "ix": 11
        },
        "r": {
          "a": 0,
          "k": 0,
          "ix": 10
        },
        "p": {
          "a": 0,
          "k": [
            308.953,
            562.5,
            0
          ],
          "ix": 2
        },
        "a": {
          "a": 0,
          "k": [
            100.399,
            37.75,
            0
          ],
          "ix": 1
        },
        "s": {
          "a": 0,
          "k": [
            100,
            100,
            100
          ],
          "ix": 6
        }
      },
      "ao": 0,
      "shapes": [
        {
          "ty": "gr",
          "it": [
            {
              "ind": 0,
              "ty": "sh",
              "ix": 1,
              "ks": {
                "a": 0,
                "k": {
                  "i": [
                    [
                      22.179,
                      -36.964
                    ],
                    [
                      2.42,
                      -22.433
                    ],
                    [
                      0,
                      0
                    ],
                    [
                      19.447,
                      -14.3
                    ]
                  ],
                  "o": [
                    [
                      -22.196,
                      -6.165
                    ],
                    [
                      0,
                      0
                    ],
                    [
                      -3.031,
                      -27.312
                    ],
                    [
                      -16.091,
                      -48.926
                    ]
                  ],
                  "v": [
                    [
                      -47.255,
                      2.582
                    ],
                    [
                      -100.15,
                      37.5
                    ],
                    [
                      100.15,
                      37.5
                    ],
                    [
                      50.922,
                      11.426
                    ]
                  ],
                  "c": true
                },
                "ix": 2
              },
              "nm": "ÃÂÃÂ¾ÃÂ½ÃÂÃÂÃÂ 1",
              "mn": "ADBE Vector Shape - Group",
              "hd": false
            },
            {
              "ty": "fl",
              "c": {
                "a": 0,
                "k": [
                  0.2001,
                  0.2599,
                  0.2021,
                  1
                ],
                "ix": 4
              },
              "o": {
                "a": 0,
                "k": 100,
                "ix": 5
              },
              "r": 1,
              "bm": 0,
              "nm": "ÃÂÃÂ°ÃÂ»ÃÂ¸ÃÂ²ÃÂºÃÂ° 1",
              "mn": "ADBE Vector Graphic - Fill",
              "hd": false
            },
            {
              "ty": "tr",
              "p": {
                "a": 0,
                "k": [
                  100.399,
                  37.75
                ],
                "ix": 2
              },
              "a": {
                "a": 0,
                "k": [
                  0,
                  0
                ],
                "ix": 1
              },
              "s": {
                "a": 0,
                "k": [
                  100,
                  100
                ],
                "ix": 3
              },
              "r": {
                "a": 0,
                "k": 0,
                "ix": 6
              },
              "o": {
                "a": 0,
                "k": 100,
                "ix": 7
              },
              "sk": {
                "a": 0,
                "k": 0,
                "ix": 4
              },
              "sa": {
                "a": 0,
                "k": 0,
                "ix": 5
              },
              "nm": "ÃÂÃÂÃÂµÃÂ¾ÃÂ±ÃÂÃÂ°ÃÂ·ÃÂ¾ÃÂ²ÃÂ°ÃÂÃÂ"
            }
          ],
          "nm": "ÃÂÃÂÃÂÃÂ¿ÃÂ¿ÃÂ° 1",
          "np": 4,
          "cix": 2,
          "bm": 0,
          "ix": 1,
          "mn": "ADBE Vector Group",
          "hd": false
        }
      ],
      "ip": 0,
      "op": 90,
      "st": 0,
      "bm": 0
    },
    {
      "ddd": 0,
      "ind": 2,
      "ty": 4,
      "nm": "ÃÂÃÂÃÂ¸ÃÂ²ÃÂÃÂµ ÃÂ¡ÃÂ»ÃÂ¾ÃÂ¹ 7",
      "sr": 1,
      "ks": {
        "o": {
          "a": 0,
          "k": 100,
          "ix": 11
        },
        "r": {
          "a": 0,
          "k": -54.039,
          "ix": 10
        },
        "p": {
          "a": 1,
          "k": [
            {
              "i": {
                "x": 0.833,
                "y": 0.833
              },
              "o": {
                "x": 0.167,
                "y": 0.167
              },
              "t": 25,
              "s": [
                192.387,
                321.957,
                0
              ],
              "to": [
                -0.395,
                -0.09,
                0
              ],
              "ti": [
                0.795,
                0.181,
                0
              ]
            },
            {
              "i": {
                "x": 0.833,
                "y": 0.833
              },
              "o": {
                "x": 0.167,
                "y": 0.167
              },
              "t": 29,
              "s": [
                188.297,
                324.539,
                0
              ],
              "to": [
                -2.897,
                -0.658,
                0
              ],
              "ti": [
                1.438,
                0.327,
                0
              ]
            },
            {
              "i": {
                "x": 0.833,
                "y": 0.833
              },
              "o": {
                "x": 0.167,
                "y": 0.167
              },
              "t": 49,
              "s": [
                181.387,
                319.457,
                0
              ],
              "to": [
                -1.833,
                -0.417,
                0
              ],
              "ti": [
                0,
                0,
                0
              ]
            },
            {
              "t": 71,
              "s": [
                179.137,
                316.207,
                0
              ]
            }
          ],
          "ix": 2
        },
        "a": {
          "a": 0,
          "k": [
            111.888,
            72.571,
            0
          ],
          "ix": 1
        },
        "s": {
          "a": 0,
          "k": [
            -94.17,
            100,
            100
          ],
          "ix": 6
        }
      },
      "ao": 0,
      "shapes": [
        {
          "ty": "gr",
          "it": [
            {
              "ind": 0,
              "ty": "sh",
              "ix": 1,
              "ks": {
                "a": 1,
                "k": [
                  {
                    "i": {
                      "x": 0.667,
                      "y": 1
                    },
                    "o": {
                      "x": 0.167,
                      "y": 1
                    },
                    "t": 25,
                    "s": [
                      {
                        "i": [
                          [
                            -0.126,
                            -10.328
                          ],
                          [
                            3.963,
                            2.905
                          ],
                          [
                            7,
                            4.362
                          ],
                          [
                            -8.779,
                            -2.277
                          ]
                        ],
                        "o": [
                          [
                            -11.251,
                            7.297
                          ],
                          [
                            -4.898,
                            -3.591
                          ],
                          [
                            7,
                            -6.263
                          ],
                          [
                            5.39,
                            1.398
                          ]
                        ],
                        "v": [
                          [
                            55.063,
                            40.783
                          ],
                          [
                            32.71,
                            42.045
                          ],
                          [
                            21.187,
                            26.218
                          ],
                          [
                            45.172,
                            22.681
                          ]
                        ],
                        "c": true
                      }
                    ]
                  },
                  {
                    "t": 59,
                    "s": [
                      {
                        "i": [
                          [
                            5.248,
                            -11.15
                          ],
                          [
                            3.07,
                            10.703
                          ],
                          [
                            -5.192,
                            7.516
                          ],
                          [
                            -4.679,
                            -2.282
                          ]
                        ],
                        "o": [
                          [
                            -15.697,
                            11.141
                          ],
                          [
                            -1.391,
                            -4.851
                          ],
                          [
                            2.932,
                            10.595
                          ],
                          [
                            8.993,
                            4.385
                          ]
                        ],
                        "v": [
                          [
                            42.341,
                            38.669
                          ],
                          [
                            11.162,
                            23.983
                          ],
                          [
                            19.895,
                            -1.384
                          ],
                          [
                            36.558,
                            16.133
                          ]
                        ],
                        "c": true
                      }
                    ]
                  }
                ],
                "ix": 2
              },
              "nm": "ÃÂÃÂ¾ÃÂ½ÃÂÃÂÃÂ 1",
              "mn": "ADBE Vector Shape - Group",
              "hd": false
            },
            {
              "ty": "fl",
              "c": {
                "a": 0,
                "k": [
                  0.288,
                  0.512,
                  0.2955,
                  1
                ],
                "ix": 4
              },
              "o": {
                "a": 0,
                "k": 100,
                "ix": 5
              },
              "r": 1,
              "bm": 0,
              "nm": "ÃÂÃÂ°ÃÂ»ÃÂ¸ÃÂ²ÃÂºÃÂ° 1",
              "mn": "ADBE Vector Graphic - Fill",
              "hd": false
            },
            {
              "ty": "tr",
              "p": {
                "a": 0,
                "k": [
                  56.32,
                  35.262
                ],
                "ix": 2
              },
              "a": {
                "a": 0,
                "k": [
                  0,
                  0
                ],
                "ix": 1
              },
              "s": {
                "a": 0,
                "k": [
                  100,
                  100
                ],
                "ix": 3
              },
              "r": {
                "a": 0,
                "k": -2.456,
                "ix": 6
              },
              "o": {
                "a": 0,
                "k": 100,
                "ix": 7
              },
              "sk": {
                "a": 0,
                "k": 0,
                "ix": 4
              },
              "sa": {
                "a": 0,
                "k": 0,
                "ix": 5
              },
              "nm": "ÃÂÃÂÃÂµÃÂ¾ÃÂ±ÃÂÃÂ°ÃÂ·ÃÂ¾ÃÂ²ÃÂ°ÃÂÃÂ"
            }
          ],
          "nm": "ÃÂÃÂÃÂÃÂ¿ÃÂ¿ÃÂ° 1",
          "np": 2,
          "cix": 2,
          "bm": 0,
          "ix": 1,
          "mn": "ADBE Vector Group",
          "hd": false
        }
      ],
      "ip": 25,
      "op": 115,
      "st": 25,
      "bm": 0
    },
    {
      "ddd": 0,
      "ind": 3,
      "ty": 4,
      "nm": "ÃÂÃÂÃÂ¸ÃÂ²ÃÂÃÂµ ÃÂ¡ÃÂ»ÃÂ¾ÃÂ¹ 6",
      "sr": 1,
      "ks": {
        "o": {
          "a": 0,
          "k": 100,
          "ix": 11
        },
        "r": {
          "a": 0,
          "k": -160.531,
          "ix": 10
        },
        "p": {
          "a": 1,
          "k": [
            {
              "i": {
                "x": 0.833,
                "y": 0.833
              },
              "o": {
                "x": 0.167,
                "y": 0.167
              },
              "t": 10,
              "s": [
                256.637,
                383.207,
                0
              ],
              "to": [
                0.942,
                -2.037,
                0
              ],
              "ti": [
                -2.253,
                4.869,
                0
              ]
            },
            {
              "i": {
                "x": 0.833,
                "y": 0.833
              },
              "o": {
                "x": 0.167,
                "y": 0.167
              },
              "t": 18,
              "s": [
                267.806,
                367.035,
                0
              ],
              "to": [
                3.922,
                -8.477,
                0
              ],
              "ti": [
                -1.641,
                3.546,
                0
              ]
            },
            {
              "i": {
                "x": 0.833,
                "y": 0.833
              },
              "o": {
                "x": 0.167,
                "y": 0.167
              },
              "t": 34,
              "s": [
                272.137,
                349.707,
                0
              ],
              "to": [
                1.058,
                -2.286,
                0
              ],
              "ti": [
                -0.122,
                2.135,
                0
              ]
            },
            {
              "i": {
                "x": 0.833,
                "y": 0.833
              },
              "o": {
                "x": 0.167,
                "y": 0.167
              },
              "t": 53,
              "s": [
                273.218,
                339.818,
                0
              ],
              "to": [
                0.176,
                -3.078,
                0
              ],
              "ti": [
                -0.148,
                0.148,
                0
              ]
            },
            {
              "t": 68,
              "s": [
                273.637,
                337.207,
                0
              ]
            }
          ],
          "ix": 2
        },
        "a": {
          "a": 0,
          "k": [
            107.683,
            81.435,
            0
          ],
          "ix": 1
        },
        "s": {
          "a": 0,
          "k": [
            -94.17,
            100,
            100
          ],
          "ix": 6
        }
      },
      "ao": 0,
      "shapes": [
        {
          "ty": "gr",
          "it": [
            {
              "ind": 0,
              "ty": "sh",
              "ix": 1,
              "ks": {
                "a": 1,
                "k": [
                  {
                    "i": {
                      "x": 0.667,
                      "y": 1
                    },
                    "o": {
                      "x": 0.167,
                      "y": 1
                    },
                    "t": 10,
                    "s": [
                      {
                        "i": [
                          [
                            -0.126,
                            -10.328
                          ],
                          [
                            3.963,
                            2.905
                          ],
                          [
                            7,
                            4.362
                          ],
                          [
                            -8.779,
                            -2.277
                          ]
                        ],
                        "o": [
                          [
                            -11.251,
                            7.297
                          ],
                          [
                            -4.898,
                            -3.591
                          ],
                          [
                            7,
                            -6.263
                          ],
                          [
                            5.39,
                            1.398
                          ]
                        ],
                        "v": [
                          [
                            55.063,
                            40.783
                          ],
                          [
                            32.71,
                            42.045
                          ],
                          [
                            21.187,
                            26.218
                          ],
                          [
                            45.172,
                            22.681
                          ]
                        ],
                        "c": true
                      }
                    ]
                  },
                  {
                    "t": 59,
                    "s": [
                      {
                        "i": [
                          [
                            2.906,
                            -14.851
                          ],
                          [
                            10.613,
                            11.307
                          ],
                          [
                            -5.375,
                            27.237
                          ],
                          [
                            -12.548,
                            -4.941
                          ]
                        ],
                        "o": [
                          [
                            -26.325,
                            12.01
                          ],
                          [
                            -12.199,
                            -12.997
                          ],
                          [
                            21.016,
                            20.415
                          ],
                          [
                            17.063,
                            6.718
                          ]
                        ],
                        "v": [
                          [
                            42.341,
                            38.669
                          ],
                          [
                            -6.559,
                            32.724
                          ],
                          [
                            -16.96,
                            -20.385
                          ],
                          [
                            26.53,
                            4.031
                          ]
                        ],
                        "c": true
                      }
                    ]
                  }
                ],
                "ix": 2
              },
              "nm": "ÃÂÃÂ¾ÃÂ½ÃÂÃÂÃÂ 1",
              "mn": "ADBE Vector Shape - Group",
              "hd": false
            },
            {
              "ty": "fl",
              "c": {
                "a": 0,
                "k": [
                  0.288,
                  0.512,
                  0.2955,
                  1
                ],
                "ix": 4
              },
              "o": {
                "a": 0,
                "k": 100,
                "ix": 5
              },
              "r": 1,
              "bm": 0,
              "nm": "ÃÂÃÂ°ÃÂ»ÃÂ¸ÃÂ²ÃÂºÃÂ° 1",
              "mn": "ADBE Vector Graphic - Fill",
              "hd": false
            },
            {
              "ty": "tr",
              "p": {
                "a": 0,
                "k": [
                  55.313,
                  41.678
                ],
                "ix": 2
              },
              "a": {
                "a": 0,
                "k": [
                  0,
                  0
                ],
                "ix": 1
              },
              "s": {
                "a": 0,
                "k": [
                  100,
                  100
                ],
                "ix": 3
              },
              "r": {
                "a": 0,
                "k": 0,
                "ix": 6
              },
              "o": {
                "a": 0,
                "k": 100,
                "ix": 7
              },
              "sk": {
                "a": 0,
                "k": 0,
                "ix": 4
              },
              "sa": {
                "a": 0,
                "k": 0,
                "ix": 5
              },
              "nm": "ÃÂÃÂÃÂµÃÂ¾ÃÂ±ÃÂÃÂ°ÃÂ·ÃÂ¾ÃÂ²ÃÂ°ÃÂÃÂ"
            }
          ],
          "nm": "ÃÂÃÂÃÂÃÂ¿ÃÂ¿ÃÂ° 1",
          "np": 2,
          "cix": 2,
          "bm": 0,
          "ix": 1,
          "mn": "ADBE Vector Group",
          "hd": false
        }
      ],
      "ip": 10,
      "op": 100,
      "st": 10,
      "bm": 0
    },
    {
      "ddd": 0,
      "ind": 4,
      "ty": 4,
      "nm": "ÃÂÃÂÃÂ¸ÃÂ²ÃÂÃÂµ ÃÂ¡ÃÂ»ÃÂ¾ÃÂ¹ 5",
      "sr": 1,
      "ks": {
        "o": {
          "a": 0,
          "k": 100,
          "ix": 11
        },
        "r": {
          "a": 0,
          "k": 9.796,
          "ix": 10
        },
        "p": {
          "a": 1,
          "k": [
            {
              "i": {
                "x": 0.833,
                "y": 0.833
              },
              "o": {
                "x": 0.167,
                "y": 0.167
              },
              "t": 4,
              "s": [
                331.637,
                455.207,
                0
              ],
              "to": [
                1.25,
                -1.208,
                0
              ],
              "ti": [
                -1.25,
                1.208,
                0
              ]
            },
            {
              "t": 28,
              "s": [
                339.137,
                447.957,
                0
              ]
            }
          ],
          "ix": 2
        },
        "a": {
          "a": 0,
          "k": [
            107.683,
            81.435,
            0
          ],
          "ix": 1
        },
        "s": {
          "a": 0,
          "k": [
            -94.17,
            100,
            100
          ],
          "ix": 6
        }
      },
      "ao": 0,
      "shapes": [
        {
          "ty": "gr",
          "it": [
            {
              "ind": 0,
              "ty": "sh",
              "ix": 1,
              "ks": {
                "a": 1,
                "k": [
                  {
                    "i": {
                      "x": 0.667,
                      "y": 1
                    },
                    "o": {
                      "x": 0.167,
                      "y": 1
                    },
                    "t": 4,
                    "s": [
                      {
                        "i": [
                          [
                            -0.126,
                            -10.328
                          ],
                          [
                            3.963,
                            2.905
                          ],
                          [
                            7,
                            4.362
                          ],
                          [
                            -8.779,
                            -2.277
                          ]
                        ],
                        "o": [
                          [
                            -11.251,
                            7.297
                          ],
                          [
                            -4.898,
                            -3.591
                          ],
                          [
                            7,
                            -6.263
                          ],
                          [
                            5.39,
                            1.398
                          ]
                        ],
                        "v": [
                          [
                            55.063,
                            40.783
                          ],
                          [
                            32.71,
                            42.045
                          ],
                          [
                            21.187,
                            26.218
                          ],
                          [
                            45.172,
                            22.681
                          ]
                        ],
                        "c": true
                      }
                    ]
                  },
                  {
                    "t": 58,
                    "s": [
                      {
                        "i": [
                          [
                            -4.066,
                            -25.052
                          ],
                          [
                            10.613,
                            11.307
                          ],
                          [
                            -5.375,
                            27.237
                          ],
                          [
                            -11.922,
                            -9.095
                          ]
                        ],
                        "o": [
                          [
                            -42.751,
                            7.422
                          ],
                          [
                            -12.199,
                            -12.997
                          ],
                          [
                            25.33,
                            20.13
                          ],
                          [
                            20.334,
                            15.512
                          ]
                        ],
                        "v": [
                          [
                            55.063,
                            40.783
                          ],
                          [
                            -11.712,
                            29.948
                          ],
                          [
                            -21.491,
                            -29.318
                          ],
                          [
                            33.427,
                            -5.34
                          ]
                        ],
                        "c": true
                      }
                    ]
                  }
                ],
                "ix": 2
              },
              "nm": "ÃÂÃÂ¾ÃÂ½ÃÂÃÂÃÂ 1",
              "mn": "ADBE Vector Shape - Group",
              "hd": false
            },
            {
              "ty": "fl",
              "c": {
                "a": 0,
                "k": [
                  0.288,
                  0.512,
                  0.2955,
                  1
                ],
                "ix": 4
              },
              "o": {
                "a": 0,
                "k": 100,
                "ix": 5
              },
              "r": 1,
              "bm": 0,
              "nm": "ÃÂÃÂ°ÃÂ»ÃÂ¸ÃÂ²ÃÂºÃÂ° 1",
              "mn": "ADBE Vector Graphic - Fill",
              "hd": false
            },
            {
              "ty": "tr",
              "p": {
                "a": 0,
                "k": [
                  55.313,
                  41.678
                ],
                "ix": 2
              },
              "a": {
                "a": 0,
                "k": [
                  0,
                  0
                ],
                "ix": 1
              },
              "s": {
                "a": 0,
                "k": [
                  100,
                  100
                ],
                "ix": 3
              },
              "r": {
                "a": 0,
                "k": 0,
                "ix": 6
              },
              "o": {
                "a": 0,
                "k": 100,
                "ix": 7
              },
              "sk": {
                "a": 0,
                "k": 0,
                "ix": 4
              },
              "sa": {
                "a": 0,
                "k": 0,
                "ix": 5
              },
              "nm": "ÃÂÃÂÃÂµÃÂ¾ÃÂ±ÃÂÃÂ°ÃÂ·ÃÂ¾ÃÂ²ÃÂ°ÃÂÃÂ"
            }
          ],
          "nm": "ÃÂÃÂÃÂÃÂ¿ÃÂ¿ÃÂ° 1",
          "np": 2,
          "cix": 2,
          "bm": 0,
          "ix": 1,
          "mn": "ADBE Vector Group",
          "hd": false
        }
      ],
      "ip": 4,
      "op": 94,
      "st": 4,
      "bm": 0
    },
    {
      "ddd": 0,
      "ind": 5,
      "ty": 4,
      "nm": "ÃÂÃÂÃÂ¸ÃÂ²ÃÂÃÂµ ÃÂ¡ÃÂ»ÃÂ¾ÃÂ¹ 3",
      "sr": 1,
      "ks": {
        "o": {
          "a": 0,
          "k": 100,
          "ix": 11
        },
        "r": {
          "a": 0,
          "k": 0,
          "ix": 10
        },
        "p": {
          "a": 0,
          "k": [
            292.938,
            510.046,
            0
          ],
          "ix": 2
        },
        "a": {
          "a": 0,
          "k": [
            94.313,
            73.177,
            0
          ],
          "ix": 1
        },
        "s": {
          "a": 0,
          "k": [
            100,
            100,
            100
          ],
          "ix": 6
        }
      },
      "ao": 0,
      "shapes": [
        {
          "ty": "gr",
          "it": [
            {
              "ind": 0,
              "ty": "sh",
              "ix": 1,
              "ks": {
                "a": 1,
                "k": [
                  {
                    "i": {
                      "x": 0.667,
                      "y": 1
                    },
                    "o": {
                      "x": 0.167,
                      "y": 1
                    },
                    "t": 0,
                    "s": [
                      {
                        "i": [
                          [
                            -0.126,
                            -10.328
                          ],
                          [
                            3.963,
                            2.905
                          ],
                          [
                            7,
                            4.362
                          ],
                          [
                            -8.779,
                            -2.277
                          ]
                        ],
                        "o": [
                          [
                            -11.251,
                            7.297
                          ],
                          [
                            -4.898,
                            -3.591
                          ],
                          [
                            7,
                            -6.263
                          ],
                          [
                            5.39,
                            1.398
                          ]
                        ],
                        "v": [
                          [
                            55.063,
                            40.783
                          ],
                          [
                            32.71,
                            42.045
                          ],
                          [
                            21.187,
                            26.218
                          ],
                          [
                            45.172,
                            22.681
                          ]
                        ],
                        "c": true
                      }
                    ]
                  },
                  {
                    "t": 24,
                    "s": [
                      {
                        "i": [
                          [
                            -7.251,
                            -37.828
                          ],
                          [
                            16.735,
                            16.479
                          ],
                          [
                            -5.375,
                            27.237
                          ],
                          [
                            -21.275,
                            -14.843
                          ]
                        ],
                        "o": [
                          [
                            -42.751,
                            7.422
                          ],
                          [
                            -12.701,
                            -12.507
                          ],
                          [
                            19.625,
                            13.487
                          ],
                          [
                            20.975,
                            14.633
                          ]
                        ],
                        "v": [
                          [
                            55.063,
                            40.783
                          ],
                          [
                            -22.429,
                            26.684
                          ],
                          [
                            -34.063,
                            -43.033
                          ],
                          [
                            26.087,
                            -18.203
                          ]
                        ],
                        "c": true
                      }
                    ]
                  }
                ],
                "ix": 2
              },
              "nm": "ÃÂÃÂ¾ÃÂ½ÃÂÃÂÃÂ 1",
              "mn": "ADBE Vector Shape - Group",
              "hd": false
            },
            {
              "ty": "fl",
              "c": {
                "a": 0,
                "k": [
                  0.288,
                  0.512,
                  0.2955,
                  1
                ],
                "ix": 4
              },
              "o": {
                "a": 0,
                "k": 100,
                "ix": 5
              },
              "r": 1,
              "bm": 0,
              "nm": "ÃÂÃÂ°ÃÂ»ÃÂ¸ÃÂ²ÃÂºÃÂ° 1",
              "mn": "ADBE Vector Graphic - Fill",
              "hd": false
            },
            {
              "ty": "tr",
              "p": {
                "a": 0,
                "k": [
                  55.313,
                  41.678
                ],
                "ix": 2
              },
              "a": {
                "a": 0,
                "k": [
                  0,
                  0
                ],
                "ix": 1
              },
              "s": {
                "a": 0,
                "k": [
                  100,
                  100
                ],
                "ix": 3
              },
              "r": {
                "a": 0,
                "k": 0,
                "ix": 6
              },
              "o": {
                "a": 0,
                "k": 100,
                "ix": 7
              },
              "sk": {
                "a": 0,
                "k": 0,
                "ix": 4
              },
              "sa": {
                "a": 0,
                "k": 0,
                "ix": 5
              },
              "nm": "ÃÂÃÂÃÂµÃÂ¾ÃÂ±ÃÂÃÂ°ÃÂ·ÃÂ¾ÃÂ²ÃÂ°ÃÂÃÂ"
            }
          ],
          "nm": "ÃÂÃÂÃÂÃÂ¿ÃÂ¿ÃÂ° 1",
          "np": 2,
          "cix": 2,
          "bm": 0,
          "ix": 1,
          "mn": "ADBE Vector Group",
          "hd": false
        }
      ],
      "ip": 0,
      "op": 90,
      "st": 0,
      "bm": 0
    },
    {
      "ddd": 0,
      "ind": 6,
      "ty": 4,
      "nm": "ÃÂÃÂÃÂ¸ÃÂ²ÃÂÃÂµ ÃÂ¡ÃÂ»ÃÂ¾ÃÂ¹ 4",
      "sr": 1,
      "ks": {
        "o": {
          "a": 0,
          "k": 100,
          "ix": 11
        },
        "r": {
          "a": 0,
          "k": 0,
          "ix": 10
        },
        "p": {
          "a": 0,
          "k": [
            268.369,
            404.935,
            0
          ],
          "ix": 2
        },
        "a": {
          "a": 0,
          "k": [
            125.794,
            164.431,
            0
          ],
          "ix": 1
        },
        "s": {
          "a": 0,
          "k": [
            100,
            100,
            100
          ],
          "ix": 6
        }
      },
      "ao": 0,
      "shapes": [
        {
          "ty": "gr",
          "it": [
            {
              "ind": 0,
              "ty": "sh",
              "ix": 1,
              "ks": {
                "a": 1,
                "k": [
                  {
                    "i": {
                      "x": 0.667,
                      "y": 1
                    },
                    "o": {
                      "x": 0.05,
                      "y": 1
                    },
                    "t": 0,
                    "s": [
                      {
                        "i": [
                          [
                            6.623,
                            12.157
                          ],
                          [
                            -3.849,
                            7.061
                          ],
                          [
                            21.972,
                            20.859
                          ],
                          [
                            -7.859,
                            33.344
                          ],
                          [
                            -18.929,
                            -14.908
                          ],
                          [
                            26.08,
                            -58.881
                          ],
                          [
                            -6.422,
                            -10.095
                          ]
                        ],
                        "o": [
                          [
                            -6.848,
                            -16.959
                          ],
                          [
                            22.943,
                            -42.094
                          ],
                          [
                            -15.47,
                            -14.686
                          ],
                          [
                            -1.858,
                            30.844
                          ],
                          [
                            18.175,
                            14.314
                          ],
                          [
                            -4.639,
                            10.473
                          ],
                          [
                            2.496,
                            5.779
                          ]
                        ],
                        "v": [
                          [
                            29.979,
                            152.024
                          ],
                          [
                            30.979,
                            119.004
                          ],
                          [
                            14.659,
                            51.707
                          ],
                          [
                            0.989,
                            -5.279
                          ],
                          [
                            21.956,
                            45.752
                          ],
                          [
                            47.77,
                            125.592
                          ],
                          [
                            51.553,
                            148.66
                          ]
                        ],
                        "c": true
                      }
                    ]
                  },
                  {
                    "t": 79,
                    "s": [
                      {
                        "i": [
                          [
                            6.623,
                            12.157
                          ],
                          [
                            -17.357,
                            31.613
                          ],
                          [
                            60.759,
                            15.703
                          ],
                          [
                            -12.072,
                            56.476
                          ],
                          [
                            -23.451,
                            -5.533
                          ],
                          [
                            49.48,
                            -102.297
                          ],
                          [
                            -16.217,
                            -46.078
                          ]
                        ],
                        "o": [
                          [
                            -18.332,
                            -56.293
                          ],
                          [
                            48.276,
                            -87.926
                          ],
                          [
                            -23.347,
                            -6.034
                          ],
                          [
                            -4.373,
                            55.566
                          ],
                          [
                            69.25,
                            16.339
                          ],
                          [
                            -15.167,
                            31.357
                          ],
                          [
                            2.496,
                            5.779
                          ]
                        ],
                        "v": [
                          [
                            29.979,
                            152.024
                          ],
                          [
                            58.779,
                            40.505
                          ],
                          [
                            -38.43,
                            -72.371
                          ],
                          [
                            -113.472,
                            -164.181
                          ],
                          [
                            -31.633,
                            -80.826
                          ],
                          [
                            76.064,
                            49.094
                          ],
                          [
                            51.553,
                            148.66
                          ]
                        ],
                        "c": true
                      }
                    ]
                  }
                ],
                "ix": 2
              },
              "nm": "ÃÂÃÂ¾ÃÂ½ÃÂÃÂÃÂ 1",
              "mn": "ADBE Vector Shape - Group",
              "hd": false
            },
            {
              "ty": "fl",
              "c": {
                "a": 0,
                "k": [
                  0.3137,
                  0.7569,
                  0.3294,
                  1
                ],
                "ix": 4
              },
              "o": {
                "a": 0,
                "k": 100,
                "ix": 5
              },
              "r": 1,
              "bm": 0,
              "nm": "ÃÂÃÂ°ÃÂ»ÃÂ¸ÃÂ²ÃÂºÃÂ° 1",
              "mn": "ADBE Vector Graphic - Fill",
              "hd": false
            },
            {
              "ty": "tr",
              "p": {
                "a": 0,
                "k": [
                  125.794,
                  164.432
                ],
                "ix": 2
              },
              "a": {
                "a": 0,
                "k": [
                  0,
                  0
                ],
                "ix": 1
              },
              "s": {
                "a": 0,
                "k": [
                  100,
                  100
                ],
                "ix": 3
              },
              "r": {
                "a": 0,
                "k": 0,
                "ix": 6
              },
              "o": {
                "a": 0,
                "k": 100,
                "ix": 7
              },
              "sk": {
                "a": 0,
                "k": 0,
                "ix": 4
              },
              "sa": {
                "a": 0,
                "k": 0,
                "ix": 5
              },
              "nm": "ÃÂÃÂÃÂµÃÂ¾ÃÂ±ÃÂÃÂ°ÃÂ·ÃÂ¾ÃÂ²ÃÂ°ÃÂÃÂ"
            }
          ],
          "nm": "ÃÂÃÂÃÂÃÂ¿ÃÂ¿ÃÂ° 1",
          "np": 2,
          "cix": 2,
          "bm": 0,
          "ix": 1,
          "mn": "ADBE Vector Group",
          "hd": false
        }
      ],
      "ip": 0,
      "op": 90,
      "st": 0,
      "bm": 0
    }
  ],
  "markers": []
}